school_name,latitude,longitude
Academia de Música de Santa Cecília,38.78254303890422, -9.159349289287409
Colégio Nossa Senhora do Rosário,41.16336703519398, -8.657279573860135
Colégio Cedros,41.14035807725204, -8.638929189204726
Colégio St. Peter's School,38.57981746152399, -8.887232760458348
Colégio Horizonte,41.13954675925949, -8.638624375712604
Salesianos do Estoril - Escola,38.70567368378241, -9.402754572094656
Colégio D. Diogo de Sousa,41.557609673161295, -8.41605634130669
Colégio São João de Brito,38.773961797587155, -9.157829087436102
Colégio Oficinas de São José,38.713118186304655, -9.168766798148402
Colégio Luso-Francês,41.177080086735906, -8.613341531531544
Colégio Valsassina,38.75586734450748, -9.12603182976482
Colégio Terras de Santa Maria,40.93348621405974, -8.572348587752154
Colégio Maristas de Carcavelos,38.69250523355415, -9.345096860454543
Grande Colégio Universal,41.15590022892727, -8.615117816188537
Colégio Moderno,38.75283724964202, -9.153291585585247
Colégio Casa Mãe,41.186374392646414, -8.371085787351465
Colégio Manuel Bernardes,38.77407362620443, -9.173535100928259
Colégio da Rainha Santa Isabel,40.201342225223684, -8.421908302730372
Colégio Mira Rio,38.75953337018829, -9.164510960452244
Colégio Santo André,38.92915170404771, -9.230401112563584
Colégio de Santa Doroteia,38.76052139643014, -9.153961799077141
Colégio Paulo VI,41.147104116466984, -8.532816260368563
Colégio Nossa Senhora da Paz,41.16011823845379, -8.603488387352437
Colégio do Sagrado Coração de Maria,38.73550509676552, -9.136504629765518
Colégio Bartolomeu Dias,38.8504669445515, -9.079958429761618
Colégio de Nossa Senhora da Assunção,40.452010561644116, -8.449159872033968
Colégio de São Teotónio,40.20018559343923, -8.419706916222587
Externato Ribadouro,41.15828379936081, -8.603950453758168
Colégio Nossa Senhora da Bonança,41.12797563878156, -8.61055373339491
Externato Marista de Lisboa,38.747573330535765, -9.181090560452661
Colégio da Associação Cultural e Recreativa de Fornelos,41.46802324902465, -8.172221973849105
Colégio Internato dos Carvalhos,41.067129102182705, -8.573915772011999
Colégio Campo de Flores,38.6471681932799, -9.201506558604494
Colégio São Tomás,38.74017660094903, -9.165326862777773
Colégio Guadalupe,38.58658262563074, -9.15967902791899
Colégio Rainha D. Leonor,39.407944998715955, -9.15223188926593
Colégio Vasco da Gama,38.79366080890706, -9.31249977394326
Colégio Pedro Arrupe,38.79344326077813, -9.097057385583835
Colégio Integrado de Monte Maior,38.823340618109206, -9.207771616270376
Colégio Novo da Maia,41.228605011865945, -8.576642960365607
Colégio La Salle,41.52484607234512, -8.61334108098796
Escola Básica e Secundária D. Filipa de Lencastre,38.739778590321045, -9.140023243257543
Colégio São Miguel,39.641015525085855, -8.677825545078152
Escola Secundária Infanta D. Maria,40.20675106842711, -8.40776844505829
Escola INED - Nevogilde, 41.16716669199732, -8.682153643172425
Colégio do Minho,41.69303044127575, -8.834794743903597
Cooperativa de Ensino DIDALVI - Alvito,41.6000803702747, -8.590995283633294
Escola Básica e Secundária Clara de Resende,41.162896875967284, -8.643539229680442
Colégio João Paulo II,41.56747173917331, -8.43719066220493
Escola Secundária do Restelo,38.70969880330652, -9.214345116274242
Colégio Dr. Luís Pereira da Costa,39.89628487308145, -8.839765029725427
Escola Secundária Garcia de Orta,41.162803713373044, -8.669276391055522
Escola Secundária Alves Martins,40.65443992154044, -7.916687987370536
Colégio Cebes,41.15583189512331, -8.670651068305608
Escola Secundária José Falcão,40.21195730962471, -8.413006031565962
Escola Secundária de José Gomes Ferreira,38.747933562177316, -9.193251000929163
Instituto de Ciências Educativas,38.807378469168036, -9.191917118122538
Escola Secundária de Porto de Mós,39.597938350898886, -8.816086572063995
Externato João Alberto Faria,38.98106986143509, -9.084137973936837
Escola Secundária Nuno Álvares,39.8205106686822, -7.4922089469234585
Escola Secundária Frei Rosa Viterbo,40.74114747030678, -7.731299218054986
Colégio da Trofa,41.338928587005164, -8.561398373853793
Colégio São Gonçalo,41.27003860166866, -8.069893500840616
Colégio Internacional de Vilamoura,37.116139907936486, -8.144835287491441
Escola Secundária Aurélia de Sousa,41.160126941184245, -8.599555829680506
Escola Secundária de Raúl Proença,39.41060070442505, -9.145362431593934
Colégio Miramar,39.00769768205733, -9.378040645099995
Escola Básica e Secundária Pintor José de Brito,41.70800445150655, -8.76898124500446
Colégio de São Martinho,40.201288836867086, -8.472340640559674
Colégio Nova Encosta,41.27914478367036, -8.359481983644914
Escola Secundária Dr. Joaquim de Carvalho,40.161574665987196, -8.860373319927172
Externato Infante D. Henrique,41.494913254973014, -8.496557658848918
Escola Básica e Secundária de Airães,41.31587551002904, -8.197203904542185
Colégio do Amor de Deus,38.71413575184038, -9.418802516274095
Escola Básica e Secundária Padre António de Andrade,39.92119410101004, -7.912533416232388
Escola Básica e Secundária da Batalha,39.66147787008652, -8.818392073913357
Escola Básica e Secundária Eng. Dionísio Augusto Cunha,40.49657631200943, -7.9072397162121275
Escola Secundária Arco-Irís,38.78623687684125, -9.114369489287292
Escola Secundária Sebastião e Silva,38.68563122452593, -9.318350845111015
"Colégio de São Francisco de Assis, Luanda",-8.920569719954546, 13.206020515724497
"Escola Secundária Eça de Queirós, Póvoa de Varzim",41.384583824267416, -8.760893627820826
Escola Secundária com 3º Ciclo Pedro Nunes,38.7166211589955, -9.158623560453707
Escola Secundária de Santa Maria Maior,41.699325902953404, -8.82230158548127
Escola Básica e Secundária de Ourique,37.650600287465714, -8.22915995678632
Colégio de Albergaria,40.70405779546164, -8.482843597688758
Externato Senhora do Carmo,41.28744683195034, -8.211610773855664
Externato Frei Luís de Sousa,38.68015491300764, -9.15499957394711
Escola Secundária da Trofa,41.334752276913626, -8.564022145018
Escola Secundária Dr. Joaquim Gomes Ferreira Alves,41.09811662596657, -8.62233558920625
Escola Secundária Henrique Medina,41.538314400742294, -8.783199946862196
Escola Secundária Adolfo Portela,40.58390913302238, -8.447673827849568
Escola Básica e Secundária Ferreira de Castro,40.8574125818738, -8.469306418050877
"Escola Secundária Dra. Felismina Alcântara, Mangualde",40.60171895139529, -7.7533669892240304
"Escola Básica e Secundária Vila Cova, Barcelos",41.54959101836902, -8.708430519877462
Colégio de Amorim,41.40176432671004, -8.740221687343702
Escola Secundária Dr.ª Maria Cândida,40.42898341607915, -8.742606205104897
Escola Portuguesa de Macau,22.191325433930302, 113.54232199492584
Escola Secundária da Quinta do Marquês,38.6985314056466, -9.324061289290265
Salesianos do Porto - Colégio,41.14146681383858, -8.595477933384391
Escola Básica e Secundária Fernão do Pó,39.26998621693326, -9.164010316255021
"Escola Secundária da Lixa, Felgueiras",41.328796268656085, -8.149077993265317
Escola Secundária Vergílio Ferreira,38.76071050168989, -9.181478391139759
Escola Secundária João Silva Correia,40.91336036506076, -8.488596800853442
Escola Secundária José Estevão,40.6378045168704, -8.64844834689466
Colégio de Nossa Senhora da Boavista,41.29614242115357, -7.739189734327503
Externato Camões,41.18306694661722, -8.559097658515642
Escola Secundária Domingos Sequeira,39.746163221122764, -8.812053043222857
Escola Secundária de Monserrate,41.69321318467304, -8.841128552942351
Escola Secundária Bocage,38.53374850828956, -8.892289673952114
Externato Delfim Ferreira - Delfinopolis,41.39199364633658, -8.388535302687803
Escola Secundária Maria Lamas,39.48370431355201, -8.539946016247638
Escola Secundária João Gonçalves Zarco,41.17904888188116, -8.676434527828288
Escola Secundária Rainha D. Amélia,38.70247478188328, -9.188415539555635
Escola Secundária Dr. Mário Sacramento,40.63626074668667, -8.646137387371208
Instituto Nun'Álvares - Santo Tirso,41.36907123161383, -8.480875967501465
Escola Secundária Tomaz Pelayo,41.347157968541424, -8.478173916181575
Escola Secundária de Vila Nova de Paiva,40.852621540353965, -7.733601548865216
Escola Salesiana de Manique,38.73594567810212, -9.361357087437408
Colégio Vizela,41.35269319925668, -8.281833641314137
Escola Secundária de Ponte de Lima,41.7637089476295, -8.580802414314874
Escola Básica e Secundária de Penalva do Castelo,40.67937688926951, -7.695352872025889
Escola Secundária Rafael Bordalo Pinheiro,39.40889390070863, -9.132145729742396
Instituto D. João V,40.00425858121423, -8.742879214377899
Escola Secundária D. Maria II,41.54882867291953, -8.417253605064674
Centro de Educação Integral,40.89143401561461, -8.481593083658872
Escola Secundária Carlos Amarante,41.5511566609012, -8.413608595275615
Escola Secundária Antero de Quental,37.74107278512385, -25.6719195335022
Escola Básica e Secundária de Arcozelo,41.78861467152963, -8.583509860345256
Escola Básica e Secundária Pedro da Fonseca,39.752446012846974, -7.924105658566424
Escola Básica e Secundária Dr. Manuel Gomes de Almeida,41.002598638257645, -8.635199612490824
Escola Secundária de Barcelos,41.52941481952779, -8.613989087339053
Escola Secundária Dr. Ginestal Machado,39.22733283385278, -8.685815985568956
Escola Secundária Dr. António Carvalho Figueiredo,38.82958689604812, -9.163488131613914
Escola Secundária Professor José Augusto Lucas,38.71179785786429, -9.23563148928981
Escola Secundária Camões,38.73037671871042, -9.143205831617285
Escola Secundária de Arganil,40.22143219995545, -8.05276856225314
Escola Secundária da Sertã,39.80287663812808, -8.095022216236531
Escola Secundária Augusto Gomes,41.18249947807329, -8.679923287351633
Escola Secundária de S. João do Estoril,38.70269172695868, -9.383659268391536
Escola Secundária de Carregal do Sal,40.43287138543886, -7.999153558103875
Escola Secundária de Almeida Garrett,41.12425653588198, -8.602142998994282
Cooperativa de Ensino Ancorensis,41.809494120599254, -8.855153162196103
Escola Secundária de Silves,37.190107531336615, -8.445846670293635
"Escola Secundária Morgado de Mateus, Vila Real",41.294664031261206, -7.722773846081382
Centro de Estudos de Fátima - CEF,39.638537321834086, -8.663380185554729
Colégio Amadeu Andrés,38.729259324957354, -9.133892960453268
"Escola Básica e Secundária Josefa de Óbidos, Lisboa",38.72936813075339, -9.133807129765723
Escola Secundária Afonso de Albuquerque,40.535971173114355, -7.274315860390408
Escola Secundária Diogo de Gouveia,38.0109540838388, -7.863402162329132
Escola Básica e Secundária Ibn Mucana,38.735080204933006, -9.405756104632799
Escola Secundária da Maia,41.23284397514995, -8.618119146873278
Escola Secundária de Severim de Faria,38.56568070025111, -7.917063377654233
Escola Secundária de Tondela,40.51797064025755, -8.084771160922038
Escola Secundária de Loulé,37.1427512357425, -8.017185873998377
Escola Secundária do Cartaxo,39.167959886405654, -8.795977345094505
Escola Secundária de Vagos,40.54703428822461, -8.68504057203059
Escola Secundária D. Sancho I,41.406456966883994, -8.52427277199975
Colégio Militar,38.7601663349316, -9.183752418124113
Escola Secundária de Paços de Ferreira,41.27911839766325, -8.376928358512158
"Escola Básica e Secundária de Búzio, Vale de Cambra",40.84926186109753, -8.385797358527633
Escola Básica e Secundária Aquilino Ribeiro,38.73444489126969, -9.305481168066818
Cooperativa de Ensino Didáxis,41.39627904165391, -8.390978646867369
Escola Secundária da Lousã,40.118600887023355, -8.241715829717636
"Escola Secundária Padre Benjamim Salgado, Joane",41.43779241483571, -8.414742887342369
"Escola Secundária Emídio Navarro, Viseu",40.66141496760125, -7.907649933401616
Escola Básica e Secundária de Vila Nova de Cerveira,41.93800199196976, -8.741684558488174
Escola Secundária de Miraflores,38.70985528708205, -9.226332358602335
Escola Secundária do Fundão,40.14036520719695, -7.500999533420068
Colégio de Ermesinde,41.206322701720374, -8.541999631530484
Escola Básica e Secundária Oliveira Júnior,40.892788665092134, -8.484352581807228
Escola Básica e Secundária de Macedo de Cavaleiros,41.538721567557864, -6.96776709897926
"Escola Básica e Secundária Fernão de Magalhães, Chaves",41.741252014994856, -7.469970173839173
Escola Secundária Cacilhas - Tejo,38.682183082023975, -9.151813662306461
Escola Secundária de Campo Maior,39.01931542597729, -7.0653438583263215
"Escola Básica e Secundária Pedro Álvares Cabral, Belmonte",40.362454204104104, -7.345961975740351
Escola Secundária Artur Gonçalves,39.47242319029183, -8.541478089263721
Escola Secundária Rocha Peixoto,41.387364222542956, -8.76340119898478
Escola Secundária de José Belchior Viegas,37.15315995169463, -7.898302002833972
Escola Secundária Amato Lusitano,39.821012944725425, -7.4983786990405354
Escola Secundária de Barcelinhos,41.521385164383396, -8.618998716175275
Colégio de Campos,41.96623861627045, -8.705617000815247
Escola Secundária da Ramada,38.80290475040281, -9.184071789286723
Escola Secundária Viriato,40.673086623225316, -7.913582358533922
Escola Secundária Stuart Carvalhais,38.75952076868217, -9.27798667394445
"Escola Básica e Secundária D. Dinis, Santo Tirso",41.3420609093289, -8.48315606036151
Escola Básica e Secundária Quinta das Flores,40.19274506322593, -8.408551718074474
Escola Secundária Sá da Bandeira,39.240190357445734, -8.678959002687108
Escola Secundária de Nelas,40.5286914628454, -7.854225704570391
Escola Secundária Alberto Sampaio,41.542927811456096, -8.413364114322917
Escola Secundária do Entroncamento,39.46871287973383, -8.477830372068457
Escola Secundária Latino Coelho,41.10241543239325, -7.811005502698264
Escola Secundária Manuel da Fonseca,38.02295746030309, -8.693583045133321
"Escola Básica e Secundária Henrique Sommer, Maceira",39.686898437988894, -8.89709445396401
Escola Básica e Secundária de Salvaterra de Magos,39.02377809696106, -8.795219991130766
Escola Secundária de Arouca,40.9280754992067, -8.251438156673204
Colégio de Lamego,41.102432986086285, -7.8025534333858
Escola Secundária de Penafiel,41.209476207142544, -8.273804485499017
Escola Secundária Rainha D. Leonor,38.751583223673, -9.14090258743687
Escola Básica e Secundária Dr. Vieira de Carvalho,41.24447332044547, -8.663411641318067
Escola Secundária Dr. Augusto César S. Ferreira,39.34397330669866, -8.933662300908743
Escola Secundária Daniel Sampaio,38.63958056459953, -9.181272945112553
Escola Secundária de Amares,41.63279706322301, -8.365400258499355
Escola Secundária de Alcochete,38.7476771329302, -8.963765002780768
Escola Secundária Gabriel Pereira,38.57477822480469, -7.902467489294485
Escola Secundária de Gafanha da Nazaré,40.63033928510503, -8.714706704566789
"Escola Secundária Lima de Faria, Cantanhede",40.34482304468796, -8.583846518069093
Escola Básica n.º 2 de Manteigas,40.40387473567065, -7.537559736855305
Escola Básica e Secundária Amélia Rey Colaço,38.70630859961472, -9.242343456750879
Colégio Arautos do Evangelho,41.41768457251729, -8.327079185491474
Escola Secundária de Vila Verde,41.64626687622159, -8.434395691038004
Escola Secundária de Albergaria-a-Velha,40.6873131949018, -8.479371831549113
Escola Básica e Secundária Joaquim Inácio da Cruz Sobral,39.02337444154244, -9.148459187427576
Instituto Inácio Loyola/Colégio da Imaculada Conceição,40.14147501902979, -8.471277756701175
Escola Secundária de S. Pedro,41.301167857305956, -7.74558094025246
"Escola Secundária Camilo Castelo Branco, Carnaxide",38.72218299003839, -9.24577974140657
Escola Secundária de São Pedro do Sul,40.75813132273103, -8.069702773874678
Escola Secundária de Pombal,39.91997389412917, -8.622698903632266
Escola Secundária Poeta Al Berto,37.95394265530034, -8.852958204659108
Escola Secundária Gago Coutinho,38.89066900536267, -9.035486657218645
Escola Internacional de Torres Vedras,39.130495231641, -9.25734531440825
Escola Básica e Secundária Dr. Azevedo Neves,38.74521836125165, -9.226937100929248
"Escola Secundária D. Manuel I, Beja",38.00832214948824, -7.865382100954149
Colégio D. Afonso V,38.79702504402167, -9.335982946958817
Escola Secundária Francisco Rodrigues Lobo,39.7401942284724, -8.81447818925438
Escola Secundária Dr. Solano de Abreu,39.462562892178326, -8.207456746935938
Escola Básica e Secundária Dr. Manuel Laranjeira,41.00994410626872, -8.629537529685916
Colégio João de Barros,39.840752110153026, -8.707362118086822
Escola Secundária de Felgueiras,41.357511706527454, -8.201176591048497
Escola Básica e Secundária de Águas Santas,41.20484360238631, -8.573802804546176
Escola Secundária de Caldas das Taipas,41.48470501258362, -8.350284985489093
Escola Secundária José Régio,41.36031851759592, -8.74926224316548
Colégio Nossa Senhora da Esperança,41.145534726690116, -8.602529319892074
"Escola Secundária Camilo Castelo Branco, Vila Nova de Famalicão",41.404214688828496, -8.521893002687365
Escola Básica e Secundária de Anadia,40.42822383863584, -8.43636791650693
Escola Secundária Abade de Baçal,41.8076468306745, -6.761356754789758
Escola Básica e Secundária de Aguiar da Beira,40.819628964994244, -7.543297531544382
Instituto Pedro Hispano,40.161820542983115, -8.633136718534669
Escola Cooperativa Vale S. Cosme (Didaxis),41.43976969348267, -8.476982816178241
Escola Básica e Secundária de Alvide,38.7180803315844, -9.424198600930168
"Escola Secundária D. Inês de Castro, Alcobaça",39.54142305876817, -8.972890345081604
Escola Secundária Santa Maria do Olival,39.60296680506203, -8.404583718095118
"Escola Secundária Miguel Torga, Bragança",41.80703911258458, -6.748451018016475
Escola Secundária Quinta das Palmeiras,40.27354713758242, -7.500686658548107
Escola Secundária de Pinhel,40.773417253591184, -7.074309873874113
Instituto Educativo do Juncal,39.605548750625466, -8.896863645079359
Escola Secundária Filipa de Vilhena,41.166270753115825, -8.608105858516257
Escola Secundária de Paredes,41.20254316841936, -8.334060946874406
Escola Secundária Santa Maria de Sintra,38.79985486933611, -9.378457931614944
Escola Secundária de Estarreja,40.75821650291508, -8.568641902710652
"Escola Secundária Alcaides de Faria, Barcelos",41.536490588242366, -8.617851731518517
Externato D. Afonso Henriques,41.10661712849026, -7.949806446877823
Escola Secundária Santo André-Barreiro,38.64507143188382, -9.061595533471836
Escola Secundária de Amarante,41.27939934393482, -8.076806587348141
Escola Secundária de Montemor-o-Velho,40.18141959572144, -8.674511818074865
Escola Secundária de Montemor-o-Novo,38.64574709617872, -8.210656117597038
"Escola Secundária de Romeu Correia, Feijó",38.65068891068533, -9.163616433471605
Externato de Penafirme,39.14197794430339, -9.352550060439174
"Escola Básica e Secundária Josefa de Óbidos, Óbidos",39.35371701611324, -9.160436025775647
"Escola Básica e Secundária Dr. Mário Fonseca, Nogueira, Lousada",41.279827894230436, -8.261008933379427
Escola Secundária Júlio Dantas,37.10116294392641, -8.682127137491914
"Escola Secundária Tomás Cabreira, Faro",37.01646471179913, -7.927982247018171
Escola Secundária de Caldas de Vizela,41.38146258256152, -8.311885919883585
Escola Básica e Secundária de Michel Giacometti,38.56922053623174, -9.040971846966558
Instituto de Promoção Social de Bustos,40.50467268729217, -8.586922246899341
Escola Básica e Secundária Vieira de Araújo,41.63394056791573, -8.132516048710356
Escola Secundária D. Pedro V,38.741517039937, -9.16310036045288
Escola Secundária Dr. António Granjo,41.74513486325505, -7.482965671987392
Escola Portuguesa de Luanda,-8.833955271760841, 13.243527540856192
Escola Básica e Secundária de Alcains,39.911704102543354, -7.467160556709248
Escola Secundária Júlio Dinis,40.857166728973965, -8.620227106410274
"Escola Básica e Secundária Vale do Tamel , Lijó, Barcelos",41.56199366172432, -8.60743680638484
Escola Secundária Frei Heitor Pinto,40.27890711551766, -7.500288331563587
Escola Secundária Madeira Torres,39.084089243022056, -9.257642072081698
Escola Secundária Martins Sarmento,41.44524452372835, -8.287761052951335
Escola Secundária de Sampaio,38.472444679329804, -9.093981100938517
Escola Secundária de Coruche,38.95976804574192, -8.534288650069364
Escola Secundária de Oliveira do Bairro,40.504546329776154, -8.480618212508604
Escola Secundária de Alpendurada,41.08422665949968, -8.25071096415043
Escola Secundária de Alcanena,39.46130630069438, -8.662809875776196
Escola Secundária Francisco Franco,32.65265091232041, -16.90483018762862
Escola Secundária António Damásio,38.77060329542244, -9.108122973944067
Escola Secundária da Amadora,38.75518414602924, -9.231290602780533
Escola Secundária de Cascais,38.697123601802886, -9.433766046962214
Escola Básica e Secundária de Valdevez,41.85028429113571, -8.422091302671122
"Escola Secundária Camilo Castelo Branco, Vila Real",41.294423075256915, -7.746725072003789
"Escola Secundária Marquesa de Alorna, Almeirim",39.205601910687854, -8.618253714405654
Escola Secundária de Padrão da Légua,41.19089132126217, -8.634319489202925
Escola Básica e Secundária D. Maria II de Vila Nova da Barquinha,39.46208727531383, -8.442952256724896
Externato Flor do Campo,38.808849849037145, -9.189622102778689
"Escola Secundária José Saramago, Mafra",38.94196789752142, -9.335842816266288
Escola Secundária de Santa Comba Dão,40.40793816026685, -8.128571543199596
"Escola Secundária de José Afonso, Loures",38.83171026579419, -9.173865840941547
Escola Secundária Prof. Dr. Flávio F. Pinto Resende,41.07880362917289, -8.10614977386317
Escola Secundária Dr. Francisco Fernandes Lopes,37.03204733364598, -7.838893945166056
"Escola Básica e Secundária Arga e Lima, Lanheses",41.73654766339573, -8.67731134315179
"Escola Básica e Secundária de Ínfias, Vizela",41.38974796301332, -8.31306884316442
Escola Básica e Secundária Gama Barros,38.77127909199258, -9.314335616272139
Escola Básica e Secundária de Carcavelos,38.69875193894939, -9.336544931618365
Escola Secundária José Afonso,38.63139670637637, -9.101976223067219
Escola Secundária Poeta António Aleixo,37.127088212610154, -8.54010676050674
"Escola Básica e Secundária de Felgueiras, Pombeiro",41.36641138718501, -8.197138273852776
"Escola Básica e Secundária de Rebordosa, Paredes",41.224222405405264, -8.41454523774821
Escola Secundária Jorge Peixinho,38.71010911832196, -8.983119033469608
"Escola Secundária de Miguel Torga, Massamá",38.75493661307111, -9.270535160452457
Escola Básica e Secundária de Ourém,39.659376091312375, -8.578271587405624
"Escola Secundária Soares Basto, Oliveira de Azeméis",40.83581220805653, -8.482223900856253
"Escola Secundária de Freamunde, Paços de Ferreira",41.28967863250379, -8.34562992597265
Escola Básica e Secundária de Miranda do Douro,41.5029609805697, -6.2811863873400124
Escola Básica e Secundária de Oliveira de Frades,40.726237893416936, -8.174656960383654
"Escola Secundária do Castêlo da Maia, Maia",41.25914733682139, -8.610602504544234
"Escola Básica e Secundária de Vilela, Paredes",41.23691473510809, -8.39628667385747
"Escola Secundária Manuel Teixeira Gomes, Portimão",37.1396729012271, -8.544701045162563
Escola Secundária Jaime Moniz,32.64968805215412, -16.90118972625361
Escola Secundária Francisco de Holanda,41.44434766022395, -8.29686428363894
Escola Básica e Secundária de Moimenta da Beira,40.9850664662556, -7.614789759053729
Escola Secundária Dr. Jaime Magalhães Lima,40.64604246522204, -8.63253492784735
Escola Básica e Secundária de Mação,39.56197187703781, -7.9991841683620315
"Escola Básica e Secundária Dr. Pascoal José de Mello, Ansião",39.912004901531425, -8.433303419935932
Escola Secundária de Vouzela,40.720919475048824, -8.102594189219756
Colégio Liceal de Santa Maria de Lamas,40.97712967871324, -8.571567160374677
"Escola Secundária Damião de Goes, Alenquer",39.04533120010948, -8.998592516262768
"Escola Secundária Dr. João Manuel da Costa Delgado, Lourinhã",39.25130777771305, -9.303663233451049
Escola Básica e Secundária de Ponte da Barca,41.80259945026473, -8.410941775688501
Escola Secundária Marques de Castilho,40.575418421219936, -8.440599204568699
Escola Básica e Secundária de Mêda,40.972802389933975, -7.261673185507545
Escola Básica e Secundária de Ermesinde,41.2162078477784, -8.548154952832814
"Escola Secundária Fernando Namora, Condeixa-a-Nova",40.10883149369784, -8.49827848924146
Escola Básica e Secundária de Sever do Vouga,40.728408849011394, -8.366125002711653
"Escola Básica e Secundária Martinho Árias, Soure",40.06789921255862, -8.613436214641103
Escola Básica e Secundária Frei Gonçalo de Azevedo,38.717184915102976, -9.340499085586433
Escola Básica e Secundária de Chamusca,39.35802357375058, -8.478058024116928
Escola Básica e Secundária Dr. Hernâni Cidade,38.64381275319682, -7.547202560456195
"Escola Básica e Secundária Sidónio Pais, Caminha",41.87176988365225, -8.835336385474953
Escola Secundária de Figueiró dos Vinhos,39.90299782731345, -8.280982945068986
Escola Básica e Secundária da Guia,39.95245057132151, -8.786604833426681
Escola Secundária Campos de Melo,40.27943518025391, -7.5009235757432755
Escola Secundária Fernão Mendes Pinto,38.67326697581051, -9.169141887439553
Externato Carvalho Araújo,41.55787839221149, -8.440888271994247
Escola Secundária de Tábua,40.36145910548238, -8.029017860396612
Escola Secundária Jerónimo Emiliano Andrade,38.65606530586873, -27.213750458604185
Escola Básica e Secundária de Barroselas,41.64832408734932, -8.692874816170644
Escola Secundária de Gouveia,40.49051490859981, -7.596097229704479
Escola Secundária da Mealhada,40.387502450045616, -8.450409646903529
Escola Secundária António Sérgio,41.12230365746855, -8.612978460369424
Escola Básica e Secundária José Falcão - Miranda do Corvo,40.09064387583171, -8.332572200882682
"Escola Básica e Secundária Dr. Daniel de Matos, Vila Nova de Poiares",40.212204029308154, -8.252622941354904
Escola Básica e Secundária Dr. Manuel Ribeiro Ferreira,39.819512969549265, -8.379416873907825
Escola Secundária de Serpa,37.94018736112217, -7.598810145136143
Escola Básica e Secundária de Machico,32.72565132373444, -16.770836447150057
Escola Básica e Secundária de S. Sebastião de Mértola,37.64408504407785, -7.654512481919325
Escola Básica e Secundária de Albufeira,37.10704930171461, -8.239625329819868
Escola Secundária do Pinhal Novo,38.63757556423698, -8.912439667597358
Escola Secundária de Esmoriz,40.96530131359078, -8.622906473867245
Escola Secundária da Senhora da Hora,41.18858459805232, -8.656561632062049
Escola Secundária de Marco de Canaveses,41.18861689381991, -8.657119531531084
Externato Cooperativo da Benedita-Inst.NªSrªda Encarnação,39.42681382551005, -8.981733010694814
"Escola Básica e Secundária Sacadura Cabral, Celorico da Beira",40.63235445531646, -7.394851104566714
"Escola Básica e Secundária de Mestre Martins Correia, Golegã",39.406745223055914, -8.484418002758122
Escola Básica e Secundária Dr. Ferreira da Silva,40.87158632139415, -8.509782818050315
Escola Secundária de Palmela,38.57132639020991, -8.909163916278958
Escola Secundária Avelar Brotero,40.205844740179415, -8.409095618073973
Escola Secundária de Pinheiro e Rosa,37.03146957773292, -7.9269539433144836
Escola Secundária Maria Amália Vaz de Carvalho,38.72669322949932, -9.156889562304997
Escola Básica e Secundária de Santa Maria da Feira,40.92376021985544, -8.556159167034753
Escola Básica e Secundária Pedro Ferreiro,39.69087528784793, -8.288707018092053
Escola Secundária Dr. José Macedo Fragateiro,40.872213877635744, -8.622839472019033
"Escola Secundária Fernando Lopes Graça, Parede",38.69656624005322, -9.352596000538929
Escola Básica e Secundária Prof. Reynaldo dos Santos,38.95451871733286, -9.001324818117501
"Escola Básica e Secundária de Rio Tinto, Gondomar",41.17579558982267, -8.549577676091962
Escola Básica e Secundária da Cidadela,38.70219546398442, -9.429107943258835
Escola Básica e Secundária Coelho e Castro,40.979946773327576, -8.522795770163528
"Escola Secundária da Boa Nova, Leça da Palmeira",41.19358851936984, -8.700544914335566
Escola Básica e Secundária Dr. Ângelo Augusto Silva,32.65961853388144, -16.908333941597096
Escola Secundária D. Afonso Sanches,41.35963558125673, -8.731068758509277
Escola Secundária Padre António Vieira,38.757918009226245, -9.135817126061571
Escola Secundária de Peniche,39.3638709865009, -9.378887175775292
Escola Básica e Secundária da Calheta,32.72402910116533, -17.180638670431204
Escola Secundária Gonçalo Anes Bandarra,40.77299197933029, -7.355124745038207
"Escola Secundária Emídio Navarro, Almada",38.677918693693634, -9.155552933470677
Escola Secundária de Albufeira,37.09441940445585, -8.247847658656221
Escola Secundária Cristina Torres,40.160438841696745, -8.844951824451085
Instituto Educativo de Lordemão,40.23596828545616, -8.41579074690886
Escola Secundária João de Deus,37.01911310672272, -7.92162534701812
Escola Básica e Secundária de Terras de Bouro,41.717764887811924, -8.307425818019746
"Escola Secundária Manuel de Arriaga, Horta",38.52665682731655, -28.640477591147693
"Escola Secundária da Sé, Guarda",40.53435025256123, -7.261053137374803
Escola Secundária Leal da Câmara,38.782431039206365, -9.318457973943657
Centro de Estudos Educativos de Ançã,40.272111768298544, -8.515904477595132
Escola Básica e Secundária à Beira Douro,41.07206288700818, -8.454094673863423
Escola Portuguesa de Moçambique - CELP,-25.943924112257612, 32.612902958409755
Colégio Diocesano de Nossa Senhora da Apresentação,40.478051371658914, -8.705880733408122
Nobel International School Algarve,37.128612188708786, -8.423928416327003
Escola Secundária D. Duarte,40.19930859513524, -8.431107916222606
Escola Secundária Eng. Acácio Calazans Duarte,39.74237592670985, -8.934515589254296
"Escola Básica e Secundária Dr.ª Maria Judite Serrão Andrade, Sardoal",39.542112620172524, -8.158973073917501
Escola Secundária da Azambuja,39.07188652644662, -8.876252691129134
Escola Secundária de Oliveira do Hospital,40.35595507060816, -7.855047614365472
Escola Secundária de Castro Daire,40.89882014219226, -7.927616816197763
Escola Secundária Dr. João de Araújo Correia,41.16399398801763, -7.8020464664537155
Escola Secundária Sá de Miranda,41.5569474614006, -8.41822081617399
Escola Básica e Secundária de Lordelo,41.23707041065858, -8.41662377385747
Escola Secundária Luís de Freitas Branco,38.699006385152934, -9.29769962976676
Escola Secundária de Seia,40.41134539135589, -7.708024916215146
Escola Secundária da Lagoa,37.74613970147043, -25.585473989322253
Escola Secundária Poeta Joaquim Serra,38.70183805858732, -8.953034475798018
"Escola Secundária Dr. João Lopes de Morais, Mortágua",40.39992069950412, -8.237195345051482
Escola Complementar do Til - APEL,32.657517602976256, -16.9143924894801
Escola Secundária de Monção,42.07139847708291, -8.485705314303562
Escola Secundária Abel Salazar,41.1967135301672, -8.606129246874568
Escola Secundária de Lousada,41.27338102057434, -8.276718660363992
Escola Secundária de Aljustrel,37.8813540056667, -8.158667433497524
Escola Básica e Secundária Anselmo de Andrade,38.67461618828873, -9.16447834511139
"Escola Secundária Gil Eanes, Lagos",37.09643594324688, -8.687076531671794
Escola Secundária de Maximinos,41.542550141021714, -8.441421098979124
Escola Secundária Homem Cristo,40.64031965376132, -8.654655668142766
Escola Secundária Diogo de Macedo,41.05261407468202, -8.516566591059489
"Escola Básica e Secundária de Coronado e Castro, Trofa",41.27555759478127, -8.558531424797751
Escola Básica e Secundária de Celorico de Basto,41.39056014084667, -8.002594622121936
"Escola Secundária Braancamp Freire, Pontinha",38.76789049636386, -9.201675946959794
"Escola Secundária Fernando Namora, Amadora",38.764108241999566, -9.215856589288073
Escola Básica e Secundária Dr. Serafim Leite,40.891758019659214, -8.497152143182339
Escola Secundária Mouzinho da Silveira,39.30342081162296, -7.432367845089826
Escola Básica e Secundária Ribeiro Sanches,40.169370247627604, -7.1711472229992825
"Escola Secundária José Loureiro Botas, Vieira de Leiria",39.86200342815087, -8.933344806975404
Escola Secundária Dr. Manuel Fernandes,39.455328267179866, -8.207307960428343
Escola Secundária Ferreira Dias,38.769852923706466, -9.29911133346758
Escola Básica e Secundária de Penacova,40.27224721030176, -8.285694273891954
Escola Secundária Arquitecto Oliveira Ferreira,41.04414029760702, -8.632675818044168
Escola Básica e Secundária de Carrazeda de Ansiães,41.24623858349544, -7.304898373857128
Escola Secundária de Castro Verde,37.70275611134618, -8.088385958636207
Escola Secundária Dr. João Carlos Celestino Gomes,40.599714186861846, -8.66146820271627
Escola Secundária do Monte da Caparica,38.66123228807744, -9.197163173947759
Escola Secundária de Valongo,41.19085342645322, -8.494859231531064
Escola Secundária Jaime Cortesão,40.211858925095946, -8.427075718073782
Escola Secundária Henriques Nogueira,39.09002632478808, -9.255989502769085
Escola Básica e Secundária de Canelas,41.07861906698673, -8.602252346878862
Escola Secundária Emídio Garcia,41.803640046225155, -6.763307900821231
Colégio de Nossa Senhora da Graça,37.72499121119609, -8.779722427854729
Escola Secundária da Amora,38.629149163533725, -9.12102569114422
Escola Básica e Secundária das Flores,39.45350725240046, -31.126460556725267
Escola Básica e Secundária de Mora,38.93996507160033, -8.16611295589034
Escola Secundária de Mem Martins,38.78389540229532, -9.336866200927922
"Escola Secundária de Gaia Nascente, Vila Nova de Gaia",41.11476845559951, -8.575123712486825
Colégio do Castanheiro,37.75036077748679, -25.663043816306516
Escola Secundária Domingos Rebelo,37.74594205087898, -25.676325960486302
"Escola Básica e Secundária do Levante da Maia, Nogueira da Maia",41.229258858006126, -8.59360884502182
Escola Secundária Dr. Jorge Augusto Correia,37.12056176687769, -7.652780872147545
Escola Secundária Jácome Ratton,39.60189024335121, -8.405436185555967
Escola Secundária de Sacavém,38.78837344653747, -9.105909831615323
"Escola Básica e Secundária Dr. Ramiro Salgado, Torre de Moncorvo",41.175470012814365, -7.058527687351872
Escola Básica e Secundária do Cadaval,39.24317125337214, -9.106401885568426
Escola Básica e Secundária Abel Botelho,41.11678479006105, -7.570396033385308
Escola Secundária de Alfena,41.23653045175614, -8.530300534745072
Escola Básica e Secundária Prof. Ruy Luís Gomes,38.65162575521757, -9.147418658604343
Escola Básica e Secundária Rodrigues de Freitas,41.155759007378236, -8.622992612485328
Escola Básica e Secundária Alfredo da Silva,38.661132389254846, -9.084975173947782
Escola Secundária António Inácio da Cruz,38.170344536020515, -8.55830806047219
Escola Básica do Centro de Portugal,39.682104736773276, -8.143574682656439
Escola Secundária de Gondomar,41.13954051923433, -8.534422929681257
"Escola Secundária D. Dinis, Lisboa",38.75165015267117, -9.11221694696037
Escola Básica e Secundária Tomás de Borba,38.66220724482636, -27.242496731619642
Escola Secundária Pinhal do Rei,39.7600269649323, -8.92473672973023
Escola Básica e Secundária Dr. José Leite de Vasconcelos,41.02215492368281, -7.775007100849551
Escola Secundária Afonso Lopes Vieira,39.762593657640664, -8.823370929730102
Escola Básica e Secundária de Vilar Formoso,40.60184385110621, -6.832423431552134
Escola Secundária André de Gouveia,38.568134604538834, -7.920231256755564
Escola Básica e Secundária de Mondim de Basto,41.408819046580405, -7.955516902687196
Escola Básica e Secundária de Monte da Ola,41.66910906659745, -8.782961204529322
"Escola Básica e Secundária de Lousada Norte, Lustosa",41.337163702091516, -8.309063760361681
Externato D. Fuas Roupinho,39.60604360540798, -9.065984485555854
"Escola Básica e Secundária do Vale de Ovil, Baião",41.163194672996816, -8.031264360367985
Escola Básica e Secundária de Idães,41.32861496597226, -8.260408860361999
Escola Secundária da Póvoa do Lanhoso,41.573484910704266, -8.264191075696846
Escola Secundária João de Barros,38.63815536527095, -9.150707304636093
Escola Secundária António Gedeão,38.66176188829743, -9.159726483736733
Escola Secundária de Fafe,41.44734406670358, -8.173846243162302
"Escola Básica e Secundária Luís de Camões, Constância",39.481366458482704, -8.3373252297399
"Escola Secundária da Drª Laura Ayres, Quarteira",37.06906955354182, -8.093154635375907
Escola Básica e Secundária de Vila Pouca de Aguiar - Sul,41.494976456127205, -7.64660724686378
"Escola Secundária Eça de Queirós, Lisboa",38.764269653795495, -9.11150494510833
"Escola Básica e Secundária José Gomes Ferreira, Ferreira do Alentejo",38.06273678782854, -8.114432429788279
Escola Secundária de Caneças,38.81051996253128, -9.23477054695835
Escola Secundária Padre Alberto Neto,38.75462824726735, -9.252640816272717
"Escola Básica e Secundária D. Afonso III, Vinhais",41.83856613150766, -7.003143485476162
Externato de São Miguel de Refojos,41.51438655028283, -7.995010848714695
Escola Secundária de Valpaços,41.61424537844789, -7.308680996805133
Escola Básica e Secundária de Vale D'Este -  Viatodos,41.456484436702326, -8.562039575701133
"Escola Básica e Secundária de José Relvas, Alpiarça",39.25233230046187, -8.580420656732151
Escola Secundária D. Afonso Henriques,41.36185066749696, -8.402041156657564
Escola Secundária de Vila Real de Santo António,37.19706974926898, -7.4206463893403845
Escola Básica e Secundária de Santa Cruz,32.68921678978931, -16.795625729955646
Escola Básica e Secundária do Porto Moniz,32.86648856587889, -17.173863304817793
Instituto Educativo de Souselas,40.297295539673264, -8.426440502726972
Colégio D. Dinis (Antº. Carneiro),41.15028286754339, -8.593993773860573
"Escola Secundária Daniel Faria, Baltar",41.1931046610851, -8.384643646874697
Escola Secundária Alves Redol,38.958106678520565, -8.99244429113301
"Escola Básica e Secundária de Escariz, Arouca",40.944761530583, -8.404048102703957
Escola Secundária Sebastião da Gama,38.52740512589744, -8.891635829772623
Externato de Vila Meã,41.24994767497912, -8.192279573856998
"Escola Secundária Dr. Manuel Candeias Gonçalves, Odemira",37.59627899540491, -8.63219535863974
"Escola Básica e Secundária Dr. Bento da Cruz, Montalegre",41.82815631151895, -7.781122539445242
Escola Básica e Secundária D. Lucinda Andrade,32.79329362780764, -17.043064716460535
Escola Secundária da Moita,38.6589724601002, -8.986270058604068
Escola Secundária de Benavente,38.97817041942584, -8.806789156146078
Escola Básica e Secundária Dr. Luís Maurílio da Silva Dantas,32.65324381025058, -16.981967502972378
Escola Básica e Secundária Dr. Isidoro de Sousa,38.33808773216272, -8.008185827927397
"Escola Secundária D. Sancho II, Elvas",38.877624295922566, -7.172730891135764
Escola Secundária Padre António Macedo,38.061705836948434, -8.780291014444533
Escola Básica e Secundária de Campo,41.180920302734464, -8.473928487351678
"Escola Secundária Rainha Santa Isabel, Estremoz",38.84959115762092, -7.586954072089743
Escola Básica e Secundária de São João da Pesqueira,41.151568892574105, -7.409741102696474
"Escola Básica e Secundária da Sé, Lamego",41.09217550922119, -7.805505860370509
Escola Secundária do Forte da Casa,38.8752325558791, -9.057657948276807
Escola Básica e Secundária de Melgaço,42.10898750530398, -8.258811660333514
Escola Básica e Secundária D. Martinho Vaz de Castelo Branco,38.86422371835011, -9.070971829761156
Escola Secundária de S. Lourenço,39.29489411570882, -7.4273157181057785
Escola Básica e Secundária de Castelo de Paiva,41.040260122684195, -8.261568331536468
"Escola Básica e Secundária de Muralhas do Minho, Valença",42.02904512090606, -8.638692929648906
Colégio Júlio Dinis,41.16657080655535, -8.59360458685595
Escola Secundária de Molelos,40.53139566054171, -8.087238358538956
Escola Básica e Secundária de Nordeste,37.83633907284586, -25.146225931647415
Escola Básica e Secundária de Velas,38.681696482707466, -28.21078204325957
"Escola Secundária Augusto Cabrita, Alto do Seixalinho",38.65790645764981, -9.058005545111945
Colégio D. Duarte,41.16277953354258, -8.604955889203922
Escola Básica e Secundária Carolina Michaelis,41.159461301757, -8.62199447386027
"Escola Secundária D. Dinis, Coimbra",40.24134400010667, -8.433514260400841
Escola Básica e Secundária Lima de Freitas,38.52308094929994, -8.91482668744463
Instituto de Almalaguês,40.132668279404236, -8.395244316224973
Escola Básica e Secundária Santos Simões,41.452058520632285, -8.2720755585059
Escola Básica e Secundária da Madalena,38.530590186727224, -28.53177243162406
Escola Secundária Dr. Bernardino Machado,40.15216308109417, -8.858311360403976
"Escola Básica e Secundária Cunha Rivara, Arraiolos",38.72504811995751, -7.9920206739456
Escola Básica e Secundária de Fornos de Algodres,40.615228731331094, -7.545558605579362
Escola Secundária de Ponte de Sor,39.25491811827881, -8.015057560435267
"Escola Básica e Secundária Gomes Teixeira, Armamar",41.10636891559946, -7.690013516190284
Escola Básica e Secundária Prof. Dr. Francisco Freitas Branco,33.06052026445847, -16.339636275976215
Escola Básica e Secundária de Vila Flor,41.30908695043529, -7.1524454379752616
Escola Secundária de Odivelas,38.794053765856525, -9.17936350092759
Escola Secundária de Mirandela,41.477945841102525, -7.180966931520658
Escola Básica e Secundária da Povoação,37.74931753411407, -25.244524915678824
Escola Secundária Alfredo dos Reis Silveira,38.61910074476771, -9.09876914696488
Escola Secundária de Inês de Castro,41.12611059765143, -8.639810389205227
"Instituto de S.Tiago - Cooperativa de Ensino, CRL",39.776195353309895, -7.8460698008936856
Escola Secundária Pedro Alexandrino,38.805313918825014, -9.164719258599074
"Escola Básica e Secundária de Lousada Oeste, Nevogilde",41.26103536435042, -8.317806789200379
Escola Básica e Secundária Gil Vicente,38.71650963549872, -9.12800664510996
Escola Básica e Secundária de Baixo Barroso,41.675530983442755, -7.953748729661822
Escola Básica e Secundária de Ribeira de Pena,41.521107044866035, -7.792698516175304
Escola Secundária José Cardoso Pires,38.8127071389941, -9.175418233466084
Escola Secundária de Casquilhos,38.65102021037542, -9.057783533471609
Escola Secundária de Alcácer do Sal,38.372449109696255, -8.517639914564265
Escola Básica e Secundária Padre José Agostinho Rodrigues,39.19684497771805, -7.6616572177575035
Escola Secundária D. João II,38.53149509367319, -8.870791927148227
"Escola Básica e Secundária Dr. João de Brito Camacho, Almodôvar",37.51238909367045, -8.05628051631439
Escola Básica e Secundária de Paredes de Coura,41.91500640019918, -8.552834387324943
Escola Básica e Secundária Dr. José Casimiro Matias,40.71890379506534, -6.8979102143525495
Escola Secundária de Carvalhos,41.067191090493594, -8.5780604738636
Escola Básica e Secundária Fontes Pereira de Melo,41.164204525795554, -8.643341962219516
"Escola Secundária Públia Hortênsia de Castro, Vila Viçosa",38.77996531703654, -7.424858860451551
Escola Secundária D. Manuel Martins,38.52271138714114, -8.857727887444637
Escola Básica e Secundária da Graciosa,39.083571995509274, -28.011149373933346
Escola Secundária de Sabugal,40.35519879665944, -7.0819609720374
Escola Secundária de Camarate,38.79251616639808, -9.14258433161517
"Escola Secundária Padre Antº Martins Oliveira, Lagoa",37.13852103268024, -8.45054663167041
Escola Básica e Secundária de Alfandega da Fé,41.343276088952805, -6.961801358509871
"Escola Básica e Secundária Prof.António da Natividade, Mesão Frio",41.15033401527265, -7.89295116036839
Escola Secundária de S. João da Talha,38.82398265340605, -9.09300384667355
Escola Secundária do Lumiar,38.76989959898505, -9.162275360451925
Escola Secundária das Laranjeiras,37.74964382878419, -25.65298734514241
"Escola Básica e Secundária de Mira de Aire, Porto de Mós",39.53910665345604, -8.712549231589506
Escola Básica e Secundária Passos Manuel,38.71220050792426, -9.149978360453886
"Escola Básica e Secundária de Fajões, Oliveira de Azeméis",40.9179013865481, -8.429263746884603
Colégio Cidade Roda,40.00148894673361, -8.58920946040933
"Escola Básica e Secundária Miguel Torga, Sabrosa",41.26677087216962, -7.578302587348569
Escola Secundária de Vendas Novas,38.67464243849203, -8.459273189291084
Escola Básica e Secundária Tenente Coronel Adão Carrapatoso,41.08123702797491, -7.1446137450271205
Escola Básica e Secundária de São Roque do Pico,38.517779045556146, -28.31420351813234
Escola Secundária Conde de Monsaraz,38.42877719873978, -7.533461718135387
Escola Básica e Secundária Padre Manuel Álvares,32.67370119866549, -17.063183174135837
Instituto Vaz Serra,39.81533156134625, -8.182813160415824
"Escola Básica e Secundária D. Sancho II, Alijó",41.27451255603111, -7.4760763199840286
Colégio D. Filipa,38.74800674955194, -9.22882513161671
"Escola Básica e Secundária Mães de Água, Falagueira",38.76367494829953, -9.224680602780227
Escola Secundária de S. Pedro da Cova,41.158954867285864, -8.517291218039997
Escola Básica e Secundária Pe. António Morais da Fonseca - Murtosa,40.748768716185545, -8.647178769906336
Escola Secundária da Ribeira Grande,37.81888985503228, -25.520740360483956
Externato Capitão Santiago de Carvalho,40.09766839340532, -7.467321545062148
Escola Secundária D. Luísa de Gusmão,38.726702849585564, -9.130662602781483
Escola Básica e Secundária da Ponta do Sol,32.68396848100622, -17.100328343447995
"Escola Secundária Vitorino Nemésio, Praia da Vitória",38.73253854194791, -27.06587780278128
Externato de Nossa Senhora dos Remédios,40.235017231445816, -7.530688504580791
Escola Básica e Secundária Francisco Simões,38.65267237286637, -9.154665116276165
Escola Secundária Alexandre Herculano,41.14879875239806, -8.594582145024695
Escola Secundária António Nobre,41.167902785272496, -8.600931758516172
Escola Secundária de Moura,38.14268873155512, -7.4451284874574455
Escola Básica e Secundária de Santa Maria,36.956716386657675, -25.144408035579005
Escola Secundária Joaquim Araújo,41.19114685840826, -8.30335684502317
"Escola Secundária Matias Aires, Mira-Sintra",38.77872562681143, -9.298102816271893
Externato Académico,41.14993991541844, -8.616681273860618
Escola Básica e Secundária Gonçalves Zarco,32.64798214732819, -16.92873636064445
Escola Secundária Manuel Cargaleiro,38.616297628326464, -9.115309473949317
Colégio Euroatlântico,41.18522255364709, -8.620744773859316
Escola Secundária de Figueira de Castelo Rodrigo,40.89260597585595, -6.961331425349707
Escola Básica e Secundária Vila Franca do Campo,37.71820222707345, -25.435449631651345
Escola Secundária Dr. Júlio Martins,41.74371999968624, -7.465521016167174
Escola Básica e Secundária de S. Martinho do Porto,39.51606029327877, -9.127149289262176
Escola Básica Integrada Mouzinho da Silveira,38.650185079614786, -9.04432901627627
Escola Secundária de Valbom,41.13519373772493, -8.560166960368965
Escola Básica e Secundária Bispo D. Manuel Ferreira Cabral,32.80336965281453, -16.87693084714774
Escola Básica e Secundária de Murça,41.404154179267366, -7.45471777385141
"Escola Básica e Secundária D. João V, Damaia",38.74267928393612, -9.216537329765297
Colégio São José do Ramalhão,38.786054953545, -9.373677173943536
Escola Básica e Secundária José Silvestre Ribeiro,39.92900529789352, -7.241684900888344
Escola Secundária Seomara da Costa Primo,38.76018397959732, -9.247260960452238
Escola Básica e Secundária de Santo António,38.63194347621345, -9.037981405874014
Escola Secundária de Resende,41.10682972246884, -7.958243098686
Escola Básica e Secundária de Pinheiro,41.12240266139438, -8.296862373861595
Escola Básica e Secundária do Cerco,41.16335221045853, -8.569241646875762
Escola Básica e Secundária de Lajes do Pico,38.41090677965397, -28.263405487448438
Instituto Diocesano de Formação João Paulo II,0.3544496142721158, 6.718370611947558
Escola Portuguesa do Lubango,-14.931332512465996, 13.462619814253966
"Escola Básica e Secundária Prof. Mendes Remédios, Nisa",39.509150643642165, -7.646949162897813
Escola Básica e Secundária de Mogadouro,41.3342870722014, -6.716524785047191
Escola Secundária Fonseca Benevides,38.70238822088603, -9.187998707056337
Colégio Torre Dona Chama,41.64813101328061, -7.131142402678487
"Escola Portuguesa Ruy Cinatti, Díli",-8.564659557068175, 125.58541481016528
Escola Secundária da Baixa da Banheira,38.64500014098441, -9.0405359874405
"Escola Básica e Secundária Escalada, Pampilhosa da Serra",40.0444617062391, -7.948723302735887
Colégio Liverpool,41.15226517140852, -8.618987916188662
Escola Portuguesa da Guiné-Bissau,11.853533142212093, -15.609839468708941
Externato Álvares Cabral,38.75070277959875, -9.200267445108775
Salesianos de Lisboa,38.71308467960478, -9.168863360453875
"Escola Secundária Infanta D. Maria, Coimbra",40.20658719170509, -8.407746987386403
"Escola Secundária Adolfo Portela, Águeda",40.58373802359116, -8.447813302716828
"Escola Secundária Dr. Mário Sacramento, Aveiro",40.63600835422675, -8.646158845043095
"Escola Secundária José Falcão, Coimbra",40.211801638706234, -8.413016760401904
"Escola Secundária Amato Lusitano, Castelo Branco",39.8208563794439, -7.4985503604156225
"Escola Básica e Secundária Quinta das Flores, Coimbra",40.1925565660267, -8.40854098923853
"Escola Secundária José Estevão, Aveiro",40.637633545390855, -8.648416160386832
Escola Secundária de Sertã,39.80258815201792, -8.095032945072473
"Escola Secundária Nuno Álvares, Castelo Branco",39.82029641979896, -7.492133845071857
"Escola Secundária Frei Rosa Viterbo, Sátão",40.740993021553265, -7.731245573875271
"Escola Secundária Viriato, Viseu",40.672948290949066, -7.913689646893352
"Escola Básica e Secundária Pedro da Fonseca, Proença-a-Nova",39.75238827342829, -7.924116387402367
"Escola Secundária Cristina Torres, Figueira da Foz",40.15656507886155, -8.845539143208466
"Escola Básica e Secundária Dr. Jaime Magalhães Lima, Esgueira, Aveiro",40.64595291983941, -8.632599300863008
"Escola Secundária Campos de Melo, Covilhã",40.279296034541716, -7.5008806603995035
"Escola Secundária D. António Taipa, Freamunde",41.28961414075166, -8.345855231527453
"Escola Secundária Avelar Brotero, Coimbra",40.20568086126628, -8.409031245058316
"Escola Básica e Secundária José Falcão,  Miranda do Corvo",40.09047971874331, -8.33263657389834
"Escola Secundária Marques de Castilho, Águeda",40.575410272127456, -8.440491916209266
"Escola Básica e Secundária Padre António de Andrade, Oleiros",39.9210295359579, -7.912544145068331
"Escola Secundária Dr. José Macedo Fragateiro, Ovar",40.871938040722405, -8.622925302706575
"Escola Secundária Júlio Dinis, Ovar",40.857061238088974, -8.620098360378957
"Escola Secundária Dr. João Carlos Celestino Gomes, Ílhavo",40.59963272549169, -8.66143601620844
"Escola Básica e Secundária de Alcains, Castelo Branco",39.911473679432085, -7.467235658560848
"Escola Básica e Secundária Ribeiro Sanches, Penamacor",40.165406645103815, -7.175991462860423
"Escola Secundária Frei Heitor Pinto, Covilhã",40.27879252405696, -7.500288331563587
"Escola Secundária D. Duarte, Coimbra",40.199193868877245, -8.431118645058548
"Escola Secundária Homem Cristo, Aveiro",40.64037468231164, -8.654453223878864
Colégio Minerva,38.6514088091466, -9.0591159955287
Colégio do Ave,41.44186912189609, -8.311554545014072
Escola Portuguesa de São Tomé e Príncipe,0.3544496142721158, 6.718370611947558
Escola Básica e Secundária Matilde Rosa Araújo,38.706599079605716, -9.35096588929001
Salesianos de Évora - Colégio,38.57118299145775, -7.91587927209923
"Escola Básica e Secundária José Silvestre Ribeiro, Idanha-a-Nova",39.928955934051736, -7.241792189247773
Colégio Real Colégio de Portugal,38.773205660423535, -9.172049931615847
Colégio de Lamas,40.97695957924655, -8.571492058523075
"Escola Secundária D. Maria II, Braga",41.54878852609949, -8.417714945010223
"Escola Secundária Gonçalo Anes Bandarra, Trancoso",40.77299197933029, -7.355124745038207
Escola Básica e Secundária de Manteigas,40.4037839015609, -7.537805438452969
Colégio Atlântico,38.59836841961284, -9.09696268929367
Escola Básica e Secundária de Cabeceiras de Basto,41.51429358020978, -7.987962989191198
"Escola Artística do Conservatório de Música Calouste Gulbenkian, Braga",41.55257552146384, -8.409952402681968
"Escola Camilo Castelo Branco, Luanda",-8.967487902770882, 13.227784512021984
Escola Artística António Arroio,38.73630998617614, -9.127452973945205
Conservatório de Música do Porto,41.155390723221394, -8.62349717386042
Colégio de Gaia,41.12608381600331, -8.6089075450255
Colégio Efanor,41.18516245619486, -8.65285325851557
Colégio de Lourdes,41.32481014344173, -8.47525697611991
"Escola Básica e Secundária Dr. Serafim Leite, São João da Madeira",40.89138006883363, -8.497133187362035
"Escola Básica e Secundária Clara de Resende, Porto",41.16275956494107, -8.643528500844502
"Escola Secundária Garcia de Orta, Porto",41.16266640215164, -8.66920128920392
"Escola Secundária João Gonçalves Zarco, Matosinhos",41.17895198037355, -8.67655254502366
"Escola Secundária Padre Benjamim Salgado, Vila Nova de Famalicão",41.437615465584045, -8.414785802686142
"Didáxis - Vale de S. Cosme, Vila Nova de Famalicão",41.439793822153575, -8.4770471891939
"Escola Secundária Carlos Amarante, Braga",41.550955085471244, -8.413935848686114
"Escola Secundária Dr. Joaquim Gomes Ferreira Alves, Vila Nova de Gaia",41.09795492397212, -8.622324860370306
"Externato Infante D. Henrique - ALFACOOP, Braga",41.494913254973014, -8.496557658848918
"Escola Secundária Tomaz Pelayo, Santo Tirso",41.34713380546085, -8.478173916181575
"Escola Básica e Secundária Dr. Manuel Laranjeira, Espinho",41.00984695499569, -8.629569716193746
"Escola Secundária Rocha Peixoto, Póvoa de Varzim",41.387283728662474, -8.763529945016096
"Escola Secundária D. Sancho I, Vila Nova de Famalicão",41.40626383814336, -8.524358602687293
"Didálvi - Cooperativa de Ensino de Alvito - S. Pedro, CRL, Barcelos",41.5999390072966, -8.59119495363492
"Escola Básica e Secundária Vale D Este, Viatodos, Barcelos",41.4563284976903, -8.5619595557929
"Escola Secundária João Silva Correia, São João da Madeira",40.913287394914406, -8.48862898736127
"Escola Básica e Secundária de Vila Cova, Barcelos",41.54948663781598, -8.708258858502372
"Escola Secundária Aurélia de Sousa, Porto",41.160022985403465, -8.599611297874231
"Escola Secundária de Santa Maria Maior, Viana do Castelo",41.69918171122733, -8.822398145004756
"Escola Básica e Secundária Ferreira de Castro, Oliveira de Azeméis",40.85735577932129, -8.469231316199275
"Escola Básica e Secundária de Ermesinde, Valongo",41.21554754131163, -8.548165348968354
"Escola Secundária Augusto Gomes, Matosinhos",41.182467179288444, -8.679966202695406
"Escola Básica e Secundária de Arga e Lima, Lanheses, Viana do Castelo",41.73641156117934, -8.677375716167447
"Escola Básica e Secundária Pintor José de Brito, Viana do Castelo",41.70791634627155, -8.76894905849663
"Escola Secundária Henrique Medina, Esposende",41.53817787925544, -8.783124845010594
"Escola Secundária de Monserrate, Viana do Castelo",41.69306897924204, -8.84140750267687
"Didáxis - Riba de Ave, Vila Nova de Famalicão",41.39608588266378, -8.390967918031427
"Escola Básica e Secundária Dr. Manuel Gomes Almeida, Espinho",41.002509573002, -8.635392731537797
"Escola Secundária Almeida Garrett, Vila Nova de Gaia",41.12409489825619, -8.602271745025599
Escola Secundária de Ponte da Barca,41.80251947256298, -8.4108666738369
"Escola Básica e Secundária Oliveira Júnior, São João da Madeira",40.89266701030237, -8.484524243182317
"Escola Básica e Secundária de Monte da Ola, Viana do Castelo",41.6689808359847, -8.782907560349605
"Escola Secundária Dr. Júlio Martins, Chaves",41.74368797923782, -7.465544338958901
"Escola Básica e Secundária de Águas Santas, Maia",41.20469023537316, -8.573770618038346
"Escola Básica e Secundária de Valdevez, Arcos de Valdevez",41.850124454725176, -8.422091302671122
"Escola Secundária Martins Sarmento, Guimarães",41.44505955255962, -8.288007816178025
"Escola Básica e Secundária Carolina Michaelis, Porto",41.159461301757, -8.62199447386027
"Escola Básica e Secundária de Vale do Tamel, Lijó, Barcelos",41.56180902375703, -8.607179314322208
"Escola Básica e Secundária Sidónio Pais, Vilarelho, Caminha",41.871658035794326, -8.83547586034221
"Escola Básica e Secundária Dr. Machado de Matos, Felgueiras",41.377307635798516, -8.21112103684554
"Escola Secundária Santo André, Barreiro",38.64492719428266, -9.061507982944203
"Escola Básica e Secundária Dr. Vieira de Carvalho, Maia",41.24431679236958, -8.663584788370269
"Escola Secundária Alberto Sampaio, Braga",41.54276720936987, -8.41341775850263
"Escola Secundária Dr. António Granjo, Chaves",41.74502277923769, -7.483040731510885
"Escola Básica e Secundária de Padrão da Légua, Matosinhos",41.19089132126217, -8.634319489202925
"Escola Secundária de Barcelinhos, Barcelos",41.52117631205235, -8.619041631519048
"Escola Secundária D. Afonso Henriques, Aves, Santo Tirso",41.36178624713789, -8.402159173852937
"Escola Secundária Filipa de Vilhena, Porto",41.16618998611724, -8.608180960367859
"Escola Secundária Francisco de Holanda, Guimarães",41.44434766022395, -8.297111046865629
"Escola Secundária José Régio, Vila do Conde",41.36020577927154, -8.749326616181138
"Escola Secundária de Senhora da Hora, Matosinhos",41.18832623133821, -8.657065887351369
"Escola Secundária de Alpendurada, Marco de Canaveses",41.083983280179886, -8.250818389458692
"Escola Secundária São Pedro, Vila Real",41.3012049194476, -7.745479343167592
"Escola Secundária Emídio Garcia, Bragança",41.803640046225155, -6.763350816165004
"Escola Básica e Secundária Santos Simões, Guimarães",41.452098727463095, -8.272161389193444
"Escola Secundária D. António Taipa, Freamunde, Paços de Ferreira",41.28966250957174, -8.345919604543111
"Escola Secundária Abade de Baçal, Bragança",41.80753487068449, -6.7615606026726764
"Escola Básica e Secundária Dr. Ferreira da Silva, Oliveira de Azeméis",40.871505192240534, -8.5097291738706
Escola Básica e Secundária de Lousada Norte,41.337083146092716, -8.309053031525739
"Escola Básica e Secundária À Beira Douro, Gondomar",41.07187685593882, -8.454105402699367
"Escola Secundária Latino Coelho, Lamego",41.10233458673746, -7.811005502698264
"Escola Secundária Abel Salazar, São Mamede de Infesta, Matosinhos",41.196511706321175, -8.606075602694853
"Escola Básica e Secundária Soares Basto, Oliveira de Azeméis",40.83574726968639, -8.482331189215682
"Escola Secundária da Boa Nova, Leça da Palmeira, Matosinhos",41.19340283259, -8.700684389202824
"Escola Básica e Secundária de Arcozelo, Ponte de Lima",41.78847867970721, -8.583499131509313
"Escola de Música do Conservatório Nacional, Lisboa",38.71243705125874, -9.146458260453844
"Escola Secundária Dr. João de Araújo Correia, Peso da Régua",41.16384052530332, -7.802357602696063
"Escola Secundária de Caldas das Taipas, Guimarães",41.48447192987072, -8.350370816176635
"Escola Secundária de Maximinos, Braga",41.54245377925505, -8.441560573846383
Colégio Internato Claret,41.06636246829747, -8.573961002699566
"Escola Secundária de Caldas de Vizela, Vizela",41.381261329408645, -8.311703529672554
"Escola Básica e Secundária Vieira de Araújo, Vieira do Minho",41.63377217327421, -8.132483862202525
"Escola Básica e Secundária Coelho e Castro, Santa Maria da Feira",40.97985767746686, -8.522892329687012
"Escola Secundária António Sérgio, Vila Nova de Gaia",41.1221581792942, -8.61295700269754
Escola Básica e Secundária com Pré-escolar da Calheta,32.72384858099414, -17.180799602970353
"Escola Secundária Sá de Miranda, Braga",41.55684309272607, -8.418295918025592
"Externato Vila Meã, Amarante",41.24981861289418, -8.192333218036714
"Escola Básica e Secundária do Levante da Maia, Nogueira da Maia, Maia",41.22912168611762, -8.593673218037477
"Escola Secundária Professor Doutor Flávio F. Pinto Resende, Cinfães",41.07881171663897, -8.106106858519396
Escola Secundária de Póvoa de Lanhoso,41.57329227925242, -8.264115973845245
"Escola Básica e Secundária de Airães, Felgueiras",41.31564987927573, -8.197075158510868
"Escola Básica e Secundária de Canelas, Vila Nova de Gaia",41.078433054470075, -8.602230889206975
"Escola Básica e Secundária Miguel Torga, Bragança",41.80691115708054, -6.748279356641386
"Escola Secundária de Alfena, Valongo",41.23268927922159, -8.517079178364064
"Escola Secundária D. Afonso Sanches, Vila do Conde",41.3593698378197, -8.73117604686871
"Escola Básica e Secundária de Vale de Ovil, Baião",41.16316236469278, -8.031350191055528
Escola Básica e Secundária com Pré-escolar e Creche do Porto Moniz,32.86628817970477, -17.17375063844472
"Escola Secundária Diogo de Macedo, Olival, Vila Nova de Gaia",41.052440124656115, -8.516477314236782
Escola Básica e Secundária de Lousada Oeste,41.26097890930326, -8.317785331528492
"Escola Básica e Secundária de Barroselas, Viana do Castelo",41.64815573029025, -8.692907002678472
"Escola Básica e Secundária Fontes Pereira de Melo, Porto",41.164131833209204, -8.643266860367914
"Escola Básica e Secundária de Lordelo, Paredes",41.2369493911162, -8.416752519888787
"Escola Secundária de Carvalhos, Vila Nova de Gaia",41.06713111766945, -8.578073805951668
"Escola Básica e Secundária Dr. José Leite de Vasconcelos, Tarouca",41.02206588486094, -7.775071473865209
"Escola Secundária Inês de Castro, Canidelo, Vila Nova de Gaia",41.12614292421545, -8.639778202697398
"Escola Secundária Gaia Nascente, Vila Nova de Gaia",41.11455021316387, -8.575306102697855
"Escola Básica e Secundária de Idães, Felgueiras",41.328623022623866, -8.260408860361999
Escola Básica e Secundária Professor Dr. Francisco de Freitas Branco,33.060513253686636, -16.33957401439355
"Escola Básica e Secundária Abel Botelho, Tabuaço",41.11670449142983, -7.570313567010069
"Escola Básica e Secundária de Campo, Valongo",41.18087992827738, -8.474078691054881
"Externato S. Miguel de Refojos, Cabeceiras de Basto",41.51426604560545, -7.99489283151932
"Escola Secundária António Nobre, Porto",41.167876337319996, -8.601002912639824
"Escola Secundária Daniel Faria, Baltar, Paredes",41.19288658539101, -8.384596079805414
Escola Regional Dr. José Dinis da Fonseca,40.512411855810825, -7.047015337527249
"Escola Básica e Secundária Rodrigues de Freitas, Porto",41.15555705730687, -8.6231857315323
"Escola Básica e Secundária do Baixo Barroso, Venda Nova, Montalegre",41.67541418174243, -7.953813604403028
"Escola Secundária de Valbom, Gondomar",41.13522362658322, -8.56014394229883
"Escola Básica e Secundária de Pinheiro, Penafiel",41.12239526875136, -8.296878266079323
"Escola Secundária Joaquim de Araújo, Guilhufe, Penafiel",41.19116710609665, -8.303362244303173
"Escola Secundária de São Pedro da Cova, Gondomar",41.15891649869098, -8.517248302696224
"Escola Básica e Secundária do Cerco do Porto, Porto",41.163324766531716, -8.569192702028621
Escola Básica e Secundária do Mogadouro,41.334279355060765, -6.7165483691412184
Escola Básica e Secundária de Alfândega da Fé,41.34326369112827, -6.9618534262915865
"Escola Secundária Arquitecto Oliveira Ferreira, Vila Nova de Gaia",41.04396227930202, -8.632622173864453
"Escola Básica e Secundária Amadeu Gaudêncio, Nazaré",39.60724071362725, -9.065699073915253
"Escola Básica e Secundária Professor António da Natividade, Mesão Frio",41.150308027386004, -7.8929271326888575
"Escola Secundária Alexandre Herculano, Porto",41.148750610152824, -8.594603543871203
Escola Básica e Secundária Mestre Domingos Saraiva,38.80122928049536, -9.351121467928186
Escola Secundária Marquês de Pombal, 38.70063513040929, -9.195048392611325 TODO: REVIEW TO SEE IF THERE ARE REPEATED NAMES
Escola Artística Soares dos Reis, 41.158698856919244, -8.594948987352447
Escola Secundária Infante D. Henrique, 41.15302645761889, -8.624880760368315
"Escola Artística de Dança do Conservatório Nacional, Lisboa", 38.71233669460471, -9.14744920278196
"Escola de Formação Social Rural de Marrazes, Leiria", 39.7647920312322, -8.806150242559314
Colégio Dinis de Melo, 39.806815395506064, -8.867684216236384
"Colégio D. Dinis (Stª Catarina)", 41.14794952224488, -8.606258436823016
"Instituto de Educação e Desenvolvimento - INED", 41.167066060728175, -8.682254158996328
Instituto Militar dos Pupilos do Exército, 38.7426393433715, -9.181410587437155
"Escola Monsenhor José Galamba de Oliveira, Leiria", 39.75819836856979, -8.808467432737148
"Escola Artística Soares dos Reis, Porto", 41.158698856919244, -8.594948987352447
Escola Artística do Conservatório de Música do Porto, 41.15540687929099, -8.623486445024477

